user_545,38
user_115,36
user_146,36
user_698,35
user_279,34
user_242,33
user_166,33
user_572,33
user_483,33
user_952,33
user_223,33
user_110,33
user_578,33
user_834,32
user_546,32
user_769,32
user_358,32
user_215,31
user_202,31
user_429,31
user_225,31
user_652,31
user_342,31
user_87,31
user_472,31
user_73,30
user_776,30
user_742,30
user_730,30
user_123,30
user_79,30
user_665,30
user_656,30
user_34,30
user_114,30
user_418,30
user_446,30
user_694,29
user_203,29
user_969,29
user_302,29
user_505,29
user_45,29
user_260,29
user_102,29
user_154,29
user_900,29
user_43,29
user_762,29
user_757,29
user_805,29
user_25,29
user_879,29
user_3,29
user_825,29
user_534,29
user_29,29
user_30,29
user_448,28
user_437,28
user_363,28
user_120,28
user_789,28
user_932,28
user_159,28
user_522,28
user_563,28
user_48,28
user_726,28
user_62,28
user_357,28
user_162,28
user_307,28
user_537,28
user_778,28
user_716,28
user_354,28
user_666,28
user_461,28
user_494,28
user_187,28
user_445,28
user_507,28
user_593,28
user_609,28
user_525,28
user_345,28
user_681,28
user_58,27
user_973,27
user_608,27
user_426,27
user_209,27
user_368,27
user_132,27
user_450,27
user_851,27
user_883,27
user_348,27
user_882,27
user_82,27
user_864,27
user_371,27
user_11,27
user_460,27
user_861,27
user_595,27
user_263,27
user_688,27
user_984,27
user_211,27
user_590,27
user_707,27
user_582,27
user_584,27
user_14,26
user_452,26
user_890,26
user_906,26
user_502,26
user_733,26
user_236,26
user_671,26
user_71,26
user_676,26
user_309,26
user_725,26
user_702,26
user_1000,26
user_253,26
user_901,26
user_780,26
user_759,26
user_399,26
user_206,26
user_711,26
user_971,26
user_710,26
user_601,26
user_118,26
user_362,26
user_57,26
user_856,26
user_337,26
user_291,26
user_372,26
user_917,26
user_408,26
user_719,26
user_987,26
user_941,26
user_364,26
user_240,26
user_774,26
user_940,26
user_393,26
user_866,26
user_441,26
user_424,25
user_254,25
user_416,25
user_333,25
user_557,25
user_994,25
user_65,25
user_481,25
user_193,25
user_430,25
user_636,25
user_131,25
user_276,25
user_199,25
user_832,25
user_596,25
user_518,25
user_907,25
user_218,25
user_72,25
user_802,25
user_898,25
user_543,25
user_512,25
user_752,25
user_137,25
user_53,25
user_501,25
user_59,25
user_410,25
user_436,25
user_772,25
user_633,25
user_230,25
user_533,25
user_27,25
user_396,25
user_283,25
user_888,25
user_865,25
user_738,25
user_660,25
user_165,25
user_185,25
user_696,25
user_600,25
user_272,25
user_962,25
user_897,25
user_899,25
user_109,25
user_841,25
user_177,25
user_764,25
user_361,25
user_916,25
user_641,25
user_438,25
user_871,25
user_212,25
user_469,25
user_77,25
user_603,24
user_929,24
user_646,24
user_846,24
user_303,24
user_958,24
user_863,24
user_970,24
user_75,24
user_323,24
user_52,24
user_793,24
user_788,24
user_288,24
user_908,24
user_845,24
user_812,24
user_840,24
user_806,24
user_454,24
user_510,24
user_712,24
user_459,24
user_870,24
user_49,24
user_386,24
user_35,24
user_586,24
user_938,24
user_344,24
user_877,24
user_99,24
user_747,24
user_896,24
user_685,24
user_972,24
user_346,24
user_370,24
user_17,24
user_105,24
user_360,24
user_695,24
user_699,24
user_458,24
user_484,24
user_853,24
user_104,24
user_801,24
user_872,24
user_482,24
user_612,24
user_256,24
user_186,24
user_173,24
user_406,24
user_558,24
user_24,24
user_69,24
user_192,24
user_319,24
user_989,24
user_315,24
user_828,24
user_773,24
user_715,24
user_950,24
user_205,24
user_294,23
user_475,23
user_366,23
user_86,23
user_232,23
user_477,23
user_508,23
user_392,23
user_839,23
user_390,23
user_500,23
user_488,23
user_765,23
user_614,23
user_648,23
user_106,23
user_174,23
user_626,23
user_959,23
user_339,23
user_373,23
user_817,23
user_365,23
user_532,23
user_229,23
user_632,23
user_167,23
user_736,23
user_443,23
user_529,23
user_680,23
user_551,23
user_251,23
user_574,23
user_391,23
user_790,23
user_844,23
user_403,23
user_663,23
user_819,23
user_944,23
user_98,23
user_38,23
user_858,23
user_147,23
user_667,23
user_935,23
user_579,23
user_914,23
user_88,23
user_222,23
user_292,23
user_76,23
user_126,23
user_860,23
user_111,23
user_749,23
user_933,23
user_874,23
user_300,23
user_306,23
user_444,23
user_602,23
user_655,23
user_374,23
user_352,23
user_464,23
user_161,23
user_23,23
user_278,23
user_149,23
user_151,22
user_620,22
user_709,22
user_583,22
user_936,22
user_827,22
user_379,22
user_468,22
user_708,22
user_498,22
user_68,22
user_580,22
user_428,22
user_289,22
user_21,22
user_720,22
user_575,22
user_581,22
user_737,22
user_820,22
user_886,22
user_480,22
user_326,22
user_297,22
user_939,22
user_824,22
user_93,22
user_239,22
user_421,22
user_673,22
user_724,22
user_849,22
user_269,22
user_197,22
user_934,22
user_250,22
user_139,22
user_336,22
user_268,22
user_50,22
user_833,22
user_919,22
user_456,22
user_949,22
user_854,22
user_847,22
user_26,22
user_16,22
user_42,22
user_395,22
user_881,22
user_285,22
user_634,22
user_763,22
user_287,22
user_591,22
user_876,22
user_799,22
user_183,22
user_55,22
user_249,22
user_133,22
user_324,22
user_829,22
user_284,22
user_170,22
user_966,22
user_963,22
user_635,22
user_449,22
user_594,22
user_540,22
user_37,22
user_201,22
user_873,22
user_465,22
user_84,22
user_231,22
user_927,22
user_983,22
user_163,22
user_794,22
user_305,22
user_677,22
user_63,22
user_697,22
user_439,22
user_248,21
user_691,21
user_330,21
user_94,21
user_258,21
user_659,21
user_97,21
user_734,21
user_47,21
user_473,21
user_476,21
user_967,21
user_683,21
user_152,21
user_511,21
user_160,21
user_588,21
user_521,21
user_376,21
user_650,21
user_992,21
user_51,21
user_701,21
user_355,21
user_645,21
user_347,21
user_843,21
user_727,21
user_638,21
user_141,21
user_610,21
user_795,21
user_979,21
user_628,21
user_12,21
user_689,21
user_308,21
user_548,21
user_577,21
user_945,21
user_915,21
user_226,21
user_783,21
user_413,21
user_911,21
user_467,21
user_690,21
user_964,21
user_44,21
user_514,21
user_855,21
user_328,21
user_100,21
user_310,21
user_490,21
user_293,21
user_228,21
user_565,21
user_422,21
user_301,21
user_423,21
user_419,21
user_621,21
user_78,21
user_509,21
user_717,21
user_531,21
user_485,21
user_334,21
user_672,21
user_760,21
user_637,21
user_654,21
user_687,21
user_627,21
user_329,21
user_61,21
user_245,21
user_117,21
user_196,21
user_504,21
user_296,20
user_937,20
user_523,20
user_965,20
user_267,20
user_679,20
user_746,20
user_771,20
user_781,20
user_19,20
user_31,20
user_842,20
user_351,20
user_770,20
user_996,20
user_909,20
user_266,20
user_784,20
user_649,20
user_81,20
user_233,20
user_195,20
user_823,20
user_9,20
user_20,20
user_703,20
user_956,20
user_401,20
user_592,20
user_127,20
user_164,20
user_259,20
user_905,20
user_252,20
user_28,20
user_631,20
user_786,20
user_809,20
user_684,20
user_220,20
user_822,20
user_643,20
user_210,20
user_194,20
user_589,20
user_587,20
user_642,20
user_718,20
user_515,20
user_387,20
user_67,20
user_539,20
user_318,20
user_255,20
user_499,20
user_892,20
user_398,20
user_787,20
user_815,20
user_353,20
user_951,20
user_976,20
user_142,20
user_552,20
user_567,20
user_957,20
user_273,20
user_375,20
user_753,20
user_321,20
user_367,20
user_369,20
user_257,20
user_810,20
user_777,20
user_624,20
user_244,20
user_605,20
user_530,20
user_85,19
user_470,19
user_818,19
user_496,19
user_732,19
user_852,19
user_503,19
user_797,19
user_803,19
user_119,19
user_18,19
user_121,19
user_457,19
user_335,19
user_128,19
user_997,19
user_682,19
user_451,19
user_920,19
user_625,19
user_382,19
user_5,19
user_265,19
user_271,19
user_331,19
user_479,19
user_604,19
user_1,19
user_10,19
user_761,19
user_213,19
user_417,19
user_885,19
user_912,19
user_723,19
user_140,19
user_409,19
user_615,19
user_527,19
user_974,19
user_497,19
user_556,19
user_169,19
user_129,19
user_237,19
user_325,19
user_180,19
user_611,19
user_486,19
user_807,19
user_831,19
user_779,19
user_380,19
user_887,19
user_238,19
user_826,19
user_506,19
user_8,19
user_675,19
user_619,19
user_262,19
user_993,19
user_60,19
user_6,19
user_692,19
user_155,19
user_54,19
user_547,19
user_550,19
user_868,19
user_171,19
user_623,19
user_943,19
user_389,19
user_198,19
user_585,19
user_359,19
user_895,19
user_74,19
user_349,19
user_491,19
user_811,19
user_664,19
user_270,19
user_706,19
user_571,19
user_36,19
user_431,18
user_721,18
user_440,18
user_402,18
user_894,18
user_493,18
user_750,18
user_930,18
user_378,18
user_56,18
user_528,18
user_415,18
user_728,18
user_714,18
user_125,18
user_622,18
user_830,18
user_13,18
user_95,18
user_947,18
user_108,18
user_775,18
user_247,18
user_848,18
user_743,18
user_921,18
user_961,18
user_982,18
user_954,18
user_517,18
user_462,18
user_4,18
user_629,18
user_184,18
user_526,18
user_487,18
user_434,18
user_657,18
user_107,18
user_946,18
user_785,18
user_570,18
user_756,18
user_40,18
user_412,18
user_299,18
user_960,18
user_902,18
user_814,18
user_981,18
user_207,18
user_990,18
user_986,18
user_466,18
user_924,18
user_754,18
user_813,18
user_138,18
user_988,18
user_15,18
user_791,18
user_311,18
user_116,18
user_340,18
user_884,18
user_541,18
user_243,18
user_891,18
user_313,18
user_576,18
user_214,18
user_124,18
user_433,18
user_190,18
user_261,18
user_134,18
user_495,18
user_314,18
user_168,18
user_385,18
user_948,18
user_405,18
user_404,18
user_662,17
user_316,17
user_22,17
user_693,17
user_157,17
user_553,17
user_800,17
user_878,17
user_678,17
user_156,17
user_304,17
user_889,17
user_644,17
user_179,17
user_175,17
user_384,17
user_356,17
user_281,17
user_471,17
user_394,17
user_670,17
user_607,17
user_808,17
user_904,17
user_46,17
user_32,17
user_176,17
user_857,17
user_400,17
user_234,17
user_442,17
user_219,17
user_980,17
user_923,17
user_90,17
user_327,17
user_432,17
user_606,17
user_96,17
user_766,17
user_559,17
user_91,17
user_122,17
user_136,17
user_92,17
user_478,17
user_191,17
user_200,17
user_767,17
user_538,17
user_274,17
user_332,17
user_700,17
user_796,17
user_208,17
user_798,17
user_745,17
user_295,17
user_758,16
user_926,16
user_561,16
user_560,16
user_216,16
user_998,16
user_516,16
user_739,16
user_555,16
user_741,16
user_995,16
user_338,16
user_455,16
user_277,16
user_204,16
user_837,16
user_343,16
user_859,16
user_148,16
user_130,16
user_158,16
user_549,16
user_816,16
user_835,16
user_729,16
user_686,16
user_821,16
user_748,16
user_414,16
user_869,16
user_447,16
user_597,16
user_991,16
user_838,16
user_713,16
user_751,16
user_674,16
user_792,16
user_381,16
user_435,16
user_217,16
user_80,16
user_985,16
user_925,16
user_189,16
user_474,16
user_341,16
user_178,15
user_893,15
user_975,15
user_172,15
user_653,15
user_66,15
user_977,15
user_928,15
user_463,15
user_535,15
user_39,15
user_7,15
user_83,15
user_704,15
user_135,15
user_999,15
user_536,15
user_188,15
user_320,15
user_953,15
user_181,15
user_630,15
user_616,15
user_735,15
user_910,15
user_377,15
user_41,15
user_153,15
user_618,15
user_955,15
user_613,15
user_544,15
user_33,15
user_298,15
user_489,15
user_235,15
user_744,15
user_875,15
user_113,15
user_722,15
user_89,15
user_647,15
user_492,15
user_968,15
user_224,14
user_782,14
user_931,14
user_407,14
user_731,14
user_658,14
user_568,14
user_144,14
user_453,14
user_573,14
user_427,14
user_867,14
user_420,14
user_639,14
user_524,14
user_182,14
user_275,14
user_221,14
user_768,14
user_246,14
user_913,14
user_661,14
user_640,14
user_322,14
user_101,14
user_850,14
user_903,14
user_227,14
user_554,14
user_350,14
user_143,14
user_651,14
user_922,14
user_519,14
user_397,14
user_317,13
user_264,13
user_411,13
user_978,13
user_112,13
user_566,13
user_542,13
user_282,13
user_669,13
user_862,13
user_598,13
user_562,13
user_880,13
user_918,13
user_312,13
user_520,13
user_513,13
user_2,13
user_150,13
user_70,13
user_668,12
user_103,12
user_617,12
user_836,12
user_564,12
user_241,12
user_383,12
user_425,12
user_145,12
user_740,11
user_705,11
user_388,11
user_64,11
user_290,11
user_942,11
user_599,11
user_280,10
user_755,10
user_286,10
user_569,10
user_804,10
